﻿<?xml version="1.0" encoding="utf-8"?>
<root>
  <FileNode>
    <!--配置文件名-->
    <FileName>DevConfig.xml</FileName>
    <!--节点名-->
    <NodeName>ErrorDescribe</NodeName>
    <!--节点值-->
    <NodeValue>设备故障</NodeValue>
    <!--0表示增加，1表示修改，2表示删除-->
    <OperationMode>1</OperationMode>
  </FileNode>
  <FileNode>
    <!--配置文件名-->
    <FileName>DevConfig.xml</FileName>
    <!--节点名-->
    <NodeName>CeShi</NodeName>
    <!--节点值-->
    <NodeValue>测试</NodeValue>
    <!--0表示增加，1表示修改，2表示删除-->
    <OperationMode>0</OperationMode>
  </FileNode>
</root>